1557140090242, 0, combine,  
1557140090242, 0, emitter,  
1557140090242, 0, emit,  
1557140090244, 0, 1, split,  
1557140090244, 0, 0, split,  
1557140090244, 0, 2, split,  
1557140090244, 0, 3, split,  
1557140090247, 1, 1, split,  
1557140090247, 1, 0, split,  
1557140090247, 1, 3, split,  
1557140090247, 1, 2, split,  
1557140090248, 2, 1, split,  
1557140090248, 2, 0, split,  
1557140090248, 2, 3, split,  
1557140090248, 2, 2, split,  
1557140090255, 0, 1, index,  
1557140090256, 1, 1, index,  
1557140090256, 0, 0, collect,  
1557140090256, 0, 1, value,  
1557140090256, 2, 1, index,  
1557140090256, 0, 1, collect,  
1557140090256, 0, 1, words,  
1557140090256, 0, 0, value,  
1557140090255, 0, 0, words,  
1557140090255, 0, 0, index,  
1557140090257, 1, 0, words,  
1557140090257, 1, 0, value,  
1557140090257, 1, 1, words,  
1557140090256, 1, 1, value,  
1557140090257, 2, 1, words,  
1557140090257, 2, 0, value,  
1557140090257, 2, 0, words,  
1557140090257, 1, 0, index,  
1557140090257, 2, 1, value,  
1557140090257, 2, 0, index,  
1557140090257, 1, 0, collect,  
1557140090257, 1, 1, collect,  
1557140090257, 2, 0, collect,  
1557140090258, 1, combine,  
1557140090258, 2, 1, collect,  
1557140090258, 2, combine,  
1557140090280, 1, emit,  
1557140090392, 4, emit, 100
1557140090394, 5, emit, 100
1557140090395, 3, 0, split, 100
1557140090422, 4, emit, 101
1557140090423, 5, emit, 101
1557140090423, 3, 1, split, 101
1557140090448, 4, emit, 102
1557140090449, 5, emit, 102
1557140090449, 3, 2, split, 102
1557140090483, 4, emit, 103
1557140090483, 5, emit, 103
1557140090483, 3, 3, split, 103
1557140090500, 4, emit, 104
1557140090500, 5, emit, 104
1557140090515, 4, 0, split, 100
1557140090516, 5, 0, split, 100
1557140090516, 2, 0, split,  
1557140090516, 3, combine, 100
1557140090516, 3, 0, split, 104
1557140090517, 2, combine,  
1557140090520, 4, 1, split, 101
1557140090520, 5, 1, split, 101
1557140090520, 3, combine, 101
1557140090520, 2, 1, split,  
1557140090520, 2, combine,  
1557140090521, 4, emit, 105
1557140090521, 5, emit, 105
1557140090521, 3, 1, split, 105
1557140090526, 4, 2, split, 102
1557140090526, 5, 2, split, 102
1557140090526, 3, combine, 102
1557140090526, 2, 2, split,  
1557140090526, 2, combine,  
1557140090528, 4, 3, split, 103
1557140090528, 5, 3, split, 103
1557140090528, 3, combine, 103
1557140090528, 2, 3, split,  
1557140090528, 2, combine,  
1557140090535, 4, emit, 106
1557140090535, 5, emit, 106
1557140090535, 3, 2, split, 106
1557140090587, 4, emit, 107
1557140090587, 5, emit, 107
1557140090587, 3, 3, split, 107
1557140090605, 4, emit, 108
1557140090605, 5, emit, 108
1557140090621, 4, emit, 109
1557140090626, 4, 0, split, 104
1557140090626, 5, 0, split, 104
1557140090626, 3, combine, 104
1557140090626, 2, 0, split,  
1557140090626, 3, 0, split, 108
1557140090626, 5, emit, 109
1557140090626, 2, combine,  
1557140090629, 4, 1, split, 105
1557140090629, 5, 1, split, 105
1557140090629, 3, combine, 105
1557140090629, 2, 1, split,  
1557140090629, 3, 1, split, 109
1557140090629, 2, combine,  
1557140090649, 4, emit, 110
1557140090649, 5, emit, 110
1557140090652, 4, 3, split, 107
1557140090669, 4, 0, split, 108
1557140090670, 4, emit, 111
1557140090672, 4, 1, split, 109
1557140090678, 4, 2, split, 106
1557140090678, 5, 2, split, 106
1557140090678, 3, combine, 106
1557140090678, 2, 2, split,  
1557140090678, 5, 3, split, 107
1557140090678, 3, 2, split, 110
1557140090678, 5, emit, 111
1557140090678, 2, 3, split,  
1557140090678, 2, combine,  
1557140090678, 3, 3, split, 111
1557140090678, 3, combine, 107
1557140090678, 5, 0, split, 108
1557140090678, 2, 0, split,  
1557140090678, 2, combine,  
1557140090678, 3, combine, 108
1557140090678, 5, 1, split, 109
1557140090678, 2, combine,  
1557140090678, 2, 1, split,  
1557140090678, 3, combine, 109
1557140090678, 2, combine,  
1557140090686, 6, emit,  
1557140090688, 6, 0, split,  
1557140090688, 6, 1, split,  
1557140090706, 4, 2, split, 110
1557140090706, 5, 2, split, 110
1557140090706, 3, combine, 110
1557140090706, 2, 2, split,  
1557140090706, 6, 2, split,  
1557140090706, 2, combine,  
1557140090706, 4, 3, split, 111
1557140090706, 5, 3, split, 111
1557140090706, 3, combine, 111
1557140090706, 2, 3, split,  
1557140090707, 6, 3, split,  
1557140090707, 2, combine,  
1557140090779, 4, combine, 0
1557140090779, 5, combine, 0
1557140090779, 6, combine,  
1557140090780, 1, emitter,  
1557140090780, 4, emitter, 1
1557140090780, 5, emitter, 1
1557140090780, 4, emitter, 2
1557140090780, 3, 0, value, 1
1557140090780, 5, emitter, 2
1557140090780, 3, 1, value, 2
1557140090780, 4, emitter, 3
1557140090780, 5, emitter, 3
1557140090780, 4, emitter, 4
1557140090932, 4, 0, value, 1
1557140090933, 5, 0, value, 1
1557140090933, 3, 0, index, 1
1557140090933, 2, 0, value,  
1557140090933, 3, 0, value, 3
1557140090933, 5, emitter, 4
1557140090933, 4, emitter, 5
1557140090966, 4, 1, value, 2
1557140090967, 5, 1, value, 2
1557140090967, 3, 1, index, 2
1557140090967, 2, 1, value,  
1557140090967, 3, 1, value, 4
1557140090967, 5, emitter, 5
1557140090967, 4, emitter, 6
1557140091127, 4, 0, value, 3
1557140091162, 4, 0, index, 1
1557140091162, 5, 0, index, 1
1557140091162, 3, 0, words, 1
1557140091162, 2, 0, index,  
1557140091162, 3, 0, index, 3
1557140091162, 5, 0, value, 3
1557140091163, 2, 0, value,  
1557140091163, 3, 0, value, 5
1557140091163, 5, emitter, 6
1557140091163, 4, emitter, 7
1557140091180, 4, 1, index, 2
1557140091180, 5, 1, index, 2
1557140091180, 3, 1, words, 2
1557140091180, 2, 1, index,  
1557140091188, 4, 1, value, 4
1557140091188, 5, 1, value, 4
1557140091188, 3, 1, index, 4
1557140091188, 2, 1, value,  
1557140091188, 3, 1, value, 6
1557140091188, 5, emitter, 7
1557140091188, 4, emitter, 8
1557140091308, 4, 0, index, 3
1557140091335, 4, 1, index, 4
1557140091404, 4, 0, value, 5
1557140091441, 4, 1, value, 6
1557140091604, 4, 0, words, 1
1557140091604, 5, 0, words, 1
1557140091604, 2, 0, words,  
1557140091604, 3, 0, words, 3
1557140091604, 3, 0, collect, 1
1557140091604, 5, 0, index, 3
1557140091604, 2, 0, index,  
1557140091604, 3, 0, index, 5
1557140091604, 5, 0, value, 5
1557140091604, 2, 0, value,  
1557140091604, 3, 0, value, 7
1557140091604, 5, emitter, 8
1557140091604, 6, emitter,  
1557140091705, 4, 0, index, 5
1557140091815, 4, 0, value, 7
1557140091866, 4, 1, words, 2
1557140091866, 5, 1, words, 2
1557140091866, 3, 1, collect, 2
1557140091866, 2, 1, words,  
1557140091866, 3, 1, words, 4
1557140091866, 5, 1, index, 4
1557140091866, 2, 1, index,  
1557140091866, 3, 1, index, 6
1557140091866, 5, 1, value, 6
1557140091866, 2, 1, value,  
1557140091866, 3, 1, value, 8
1557140091999, 4, 1, index, 6
1557140092218, 4, 1, value, 8
1557140092416, 4, 0, words, 3
1557140092416, 5, 0, words, 3
1557140092417, 2, 0, words,  
1557140092416, 2, 0, collect,  
1557140092417, 3, 0, collect, 3
1557140092417, 3, 0, words, 5
1557140092417, 5, 0, index, 5
1557140092417, 2, 0, index,  
1557140092417, 3, 0, index, 7
1557140092417, 5, 0, value, 7
1557140092417, 2, 0, value,  
1557140092417, 6, 0, value,  
1557140092576, 4, 0, index, 7
1557140092772, 4, 1, words, 4
1557140092772, 5, 1, words, 4
1557140092772, 2, 1, collect,  
1557140092772, 2, 1, words,  
1557140092772, 3, 1, collect, 4
1557140092772, 3, 1, words, 6
1557140092772, 5, 1, index, 6
1557140092772, 2, 1, index,  
1557140092772, 3, 1, index, 8
1557140092772, 5, 1, value, 8
1557140092772, 2, 1, value,  
1557140092776, 6, 1, value,  
1557140092901, 4, 1, index, 8
1557140093360, 4, 0, words, 5
1557140093360, 5, 0, words, 5
1557140093360, 2, 0, collect,  
1557140093360, 2, 0, words,  
1557140093360, 3, 0, collect, 5
1557140093360, 3, 0, words, 7
1557140093360, 5, 0, index, 7
1557140093360, 2, 0, index,  
1557140093360, 6, 0, index,  
1557140093699, 4, 1, words, 6
1557140093699, 5, 1, words, 6
1557140093699, 2, 1, collect,  
1557140093699, 2, 1, words,  
1557140093699, 3, 1, collect, 6
1557140093699, 3, 1, words, 8
1557140093699, 5, 1, index, 8
1557140093699, 2, 1, index,  
1557140093699, 6, 1, index,  
1557140094462, 4, 0, words, 7
1557140094462, 5, 0, words, 7
1557140094462, 2, 0, collect,  
1557140094462, 2, 0, words,  
1557140094462, 3, 0, collect, 7
1557140094462, 6, 0, words,  
1557140094463, 2, 0, collect,  
1557140094463, 7, 0, collect,  
1557140094463, 8, 0, collect,  
1557140094463, 6, 0, collect,  
1557140094843, 4, 1, words, 8
1557140094843, 5, 1, words, 8
1557140094843, 2, 1, collect,  
1557140094843, 2, 1, words,  
1557140094843, 3, 1, collect, 8
1557140094843, 6, 1, words,  
1557140094843, 2, 1, collect,  
1557140094843, 7, 1, collect,  
1557140094844, 8, 1, collect,  
1557140094844, 6, 1, collect,  
