1557323636269, 0, collect,  
1557323636270, 0, emit,  
1557323636279, 0, 0, stage2,  
1557323636280, 0, 2, stage3,  
1557323636280, 0, 2, stage2,  
1557323636280, 0, 2, stage1,  
1557323636280, 0, 0, stage1,  
1557323636280, 0, 0, stage3,  
1557323636280, 0, 1, stage3,  
1557323636280, 0, 1, stage1,  
1557323636280, 0, 1, stage2,  
1557323636286, 1, emit,  
1557323636288, 1, collect,  
1557323636288, 2, collect,  
1557323636287, 4, emit, 0
1557323636289, 1, 1, stage1,  
1557323636289, 1, 2, stage1,  
1557323636289, 1, 2, stage2,  
1557323636289, 1, 0, stage3,  
1557323636289, 1, 0, stage2,  
1557323636289, 1, 2, stage3,  
1557323636289, 1, 1, stage2,  
1557323636289, 1, 1, stage3,  
1557323636289, 2, 1, stage2,  
1557323636289, 2, 2, stage3,  
1557323636289, 2, 0, stage2,  
1557323636289, 1, 0, stage1,  
1557323636289, 2, 0, stage3,  
1557323636289, 2, 2, stage2,  
1557323636289, 2, 2, stage1,  
1557323636289, 2, 1, stage1,  
1557323636289, 2, 0, stage1,  
1557323636289, 2, 1, stage3,  
1557323636290, 5, emit, 0
1557323636292, 4, emit, 0
1557323636292, 5, emit, 0
1557323636292, 4, emit, 0
1557323636292, 5, emit, 0
1557323636292, 3, 0, stage1, 0
1557323636293, 4, emit, 0
1557323636292, 3, 2, stage1, 0
1557323636293, 5, emit, 0
1557323636293, 4, emit, 0
1557323636292, 3, 1, stage1, 0
1557323636344, 4, 0, stage1, 1
1557323636344, 4, 2, stage1, 2
1557323636344, 3, 0, stage2, 1
1557323636344, 3, 2, stage2, 2
1557323636344, 4, 1, stage1, 3
1557323636345, 4, 2, stage2, 2
1557323636344, 5, 0, stage1, 1
1557323636345, 5, 2, stage2, 2
1557323636345, 5, 1, stage1, 3
1557323636345, 3, 1, stage2, 3
1557323636344, 4, 0, stage2, 1
1557323636345, 2, 1, stage1,  
1557323636345, 2, 2, stage2,  
1557323636345, 2, 0, stage1,  
1557323636346, 5, emit, 0
1557323636345, 5, 2, stage1, 2
1557323636345, 3, 2, stage3, 2
1557323636346, 2, 2, stage1,  
1557323636346, 3, 0, stage1, 0
1557323636345, 3, 1, stage1, 0
1557323636345, 4, 1, stage2, 3
1557323636345, 5, 0, stage2, 1
1557323636346, 3, 1, stage3, 3
1557323636346, 4, 1, stage1, 4
1557323636345, 3, 0, stage3, 1
1557323636346, 4, 1, stage3, 3
1557323636346, 2, 0, stage2,  
1557323636346, 4, 2, stage3, 2
1557323636346, 5, 1, stage2, 3
1557323636346, 4, 0, stage1, 5
1557323636346, 4, emit, 0
1557323636346, 2, 1, stage2,  
1557323636346, 4, 0, stage3, 1
1557323636346, 5, 1, stage1, 4
1557323636346, 5, emit, 0
1557323636346, 3, 1, stage2, 4
1557323636346, 3, 0, stage2, 5
1557323636346, 5, 0, stage1, 5
1557323636346, 4, emit, 0
1557323636346, 4, 0, stage2, 5
1557323636346, 2, 0, stage1,  
1557323636346, 4, 1, stage2, 4
1557323636346, 2, 1, stage1,  
1557323636346, 3, 2, stage1, 0
1557323636346, 3, 0, stage1, 0
1557323636346, 5, emit, 0
1557323636347, 4, 2, stage1, 6
1557323636347, 4, 0, stage1, 7
1557323636347, 3, 2, stage2, 6
1557323636347, 4, emit, 0
1557323636347, 5, 2, stage1, 6
1557323636347, 2, 2, stage1,  
1557323636347, 3, 1, stage1, 0
1557323636347, 5, emit, 0
1557323636347, 4, emit, 0
1557323636347, 5, emit, 0
1557323636347, 4, 2, stage2, 6
1557323636347, 3, 2, stage1, 0
1557323636347, 4, emit, 0
1557323636347, 4, 1, stage1, 8
1557323636347, 5, emit, 0
1557323636347, 4, 2, stage1, 9
1557323636347, 4, emit, 0
1557323636347, 5, 1, stage3, 3
1557323636348, 2, 1, stage3,  
1557323636348, 5, 2, stage3, 2
1557323636348, 3, 1, stage3, 4
1557323636348, 5, 1, stage2, 4
1557323636348, 3, collect, 3
1557323636348, 2, 2, stage3,  
1557323636348, 4, 1, stage3, 4
1557323636348, 3, 2, stage3, 6
1557323636348, 2, 1, stage2,  
1557323636348, 5, 2, stage2, 6
1557323636348, 3, 1, stage2, 8
1557323636348, 4, 2, stage3, 6
1557323636348, 2, 2, stage2,  
1557323636348, 5, 1, stage1, 8
1557323636348, 5, 2, stage1, 9
1557323636348, 4, 1, stage2, 8
1557323636348, 3, 2, stage2, 9
1557323636348, 2, 2, stage1,  
1557323636348, 2, 1, stage1,  
1557323636348, 3, 2, stage1, 0
1557323636348, 4, 2, stage2, 9
1557323636348, 4, 2, stage1, 10
1557323636348, 5, emit, 0
1557323636348, 3, 1, stage1, 0
1557323636348, 4, emit, 0
1557323636348, 4, 1, stage1, 11
1557323636348, 5, emit, 0
1557323636348, 4, emit, 0
1557323636348, 5, 0, stage3, 1
1557323636348, 2, 0, stage3,  
1557323636348, 2, collect,  
1557323636348, 3, 0, stage3, 5
1557323636348, 5, 0, stage2, 5
1557323636348, 3, collect, 2
1557323636348, 2, 0, stage2,  
1557323636349, 4, 0, stage3, 5
1557323636349, 3, 0, stage2, 7
1557323636349, 5, 2, stage3, 6
1557323636349, 2, collect,  
1557323636349, 2, 2, stage3,  
1557323636349, 5, 0, stage1, 7
1557323636349, 3, collect, 1
1557323636349, 4, 0, stage2, 7
1557323636349, 5, 2, stage2, 9
1557323636349, 3, 2, stage3, 9
1557323636349, 2, 0, stage1,  
1557323636349, 2, 2, stage2,  
1557323636349, 3, 0, stage1, 0
1557323636349, 4, 2, stage3, 9
1557323636349, 3, 2, stage2, 10
1557323636349, 2, collect,  
1557323636349, 5, 1, stage3, 4
1557323636349, 4, 0, stage1, 12
1557323636349, 4, 2, stage2, 10
1557323636349, 5, emit, 0
1557323636349, 5, 2, stage1, 10
1557323636349, 2, 1, stage3,  
1557323636349, 3, collect, 6
1557323636349, 3, 1, stage3, 8
1557323636349, 2, 2, stage1,  
1557323636349, 5, 2, stage3, 9
1557323636349, 3, 2, stage1, 0
1557323636349, 4, 1, stage3, 8
1557323636349, 2, collect,  
1557323636349, 4, emit, 0
1557323636349, 5, 1, stage2, 8
1557323636349, 3, collect, 4
1557323636349, 5, emit, 0
1557323636349, 4, 2, stage1, 13
1557323636349, 2, 2, stage3,  
1557323636349, 2, 1, stage2,  
1557323636349, 2, collect,  
1557323636349, 5, 0, stage3, 5
1557323636349, 5, 1, stage1, 11
1557323636349, 3, 1, stage2, 11
1557323636349, 3, 2, stage3, 10
1557323636349, 2, 1, stage1,  
1557323636349, 4, 1, stage2, 11
1557323636349, 2, 0, stage3,  
1557323636349, 3, 1, stage1, 0
1557323636349, 3, collect, 9
1557323636349, 5, 2, stage2, 10
1557323636349, 4, 1, stage1, 14
1557323636349, 4, emit, 0
1557323636349, 5, 0, stage2, 7
1557323636349, 3, 0, stage3, 7
1557323636349, 4, 2, stage3, 10
1557323636350, 2, 0, stage2,  
1557323636350, 5, emit, 0
1557323636350, 5, 0, stage1, 12
1557323636349, 5, 1, stage3, 8
1557323636349, 2, collect,  
1557323636349, 2, 2, stage2,  
1557323636350, 3, collect, 5
1557323636350, 2, 1, stage3,  
1557323636350, 2, 0, stage1,  
1557323636350, 5, 1, stage2, 11
1557323636350, 3, 0, stage2, 12
1557323636350, 4, 0, stage3, 7
1557323636350, 2, 1, stage2,  
1557323636350, 5, 2, stage3, 10
1557323636350, 3, 1, stage2, 14
1557323636350, 2, collect,  
1557323636350, 3, 1, stage3, 11
1557323636350, 3, collect, 8
1557323636350, 5, 2, stage1, 13
1557323636350, 3, 2, stage2, 13
1557323636350, 4, 1, stage3, 11
1557323636350, 2, 2, stage1,  
1557323636350, 4, 1, stage2, 14
1557323636350, 5, 1, stage1, 14
1557323636350, 2, 2, stage3,  
1557323636350, 3, 0, stage1, 0
1557323636350, 4, 0, stage2, 12
1557323636350, 2, 1, stage1,  
1557323636350, 4, 2, stage2, 13
1557323636350, 5, 0, stage3, 7
1557323636350, 2, collect,  
1557323636350, 5, 2, stage2, 13
1557323636350, 3, collect, 10
1557323636350, 3, 2, stage3, 13
1557323636350, 2, 0, stage3,  
1557323636350, 4, 0, stage1, 15
1557323636350, 4, 2, stage3, 13
1557323636350, 5, 1, stage3, 11
1557323636350, 2, collect,  
1557323636350, 2, 2, stage2,  
1557323636350, 3, collect, 7
1557323636350, 2, 1, stage3,  
1557323636350, 4, emit, 0
1557323636350, 3, 1, stage3, 14
1557323636350, 5, 0, stage2, 12
1557323636350, 5, 2, stage3, 13
1557323636350, 3, 0, stage3, 12
1557323636350, 4, 1, stage3, 14
1557323636350, 2, 2, stage3,  
1557323636350, 2, 0, stage2,  
1557323636350, 3, 1, stage1, 0
1557323636350, 3, 0, stage2, 15
1557323636350, 5, emit, 0
1557323636350, 2, collect,  
1557323636350, 5, 1, stage2, 14
1557323636351, 4, emit, 0
1557323636351, 2, 1, stage2,  
1557323636351, 3, collect, 11
1557323636351, 4, 0, stage2, 15
1557323636351, 4, 1, stage1, 16
1557323636350, 5, 0, stage1, 15
1557323636350, 4, 0, stage3, 12
1557323636351, 2, 0, stage1,  
1557323636351, 3, 2, stage1, 0
1557323636351, 5, emit, 0
1557323636351, 4, 2, stage1, 17
1557323636351, 4, emit, 0
1557323636351, 5, emit, 0
1557323636351, 3, 0, stage1, 0
1557323636351, 4, emit, 0
1557323636351, 4, 0, stage1, 18
1557323636351, 5, emit, 0
1557323636351, 4, emit, 0
1557323636352, 2, collect,  
1557323636352, 5, 1, stage3, 14
1557323636352, 3, collect, 13
1557323636352, 2, 1, stage3,  
1557323636352, 2, collect,  
1557323636352, 3, collect, 14
1557323636352, 5, 0, stage3, 12
1557323636352, 2, 0, stage3,  
1557323636352, 2, collect,  
1557323636352, 3, collect, 12
1557323636352, 3, 0, stage3, 15
1557323636352, 5, 0, stage2, 15
1557323636352, 5, 1, stage1, 16
1557323636352, 3, 1, stage2, 16
1557323636352, 4, 0, stage3, 15
1557323636352, 2, 1, stage1,  
1557323636352, 2, 0, stage2,  
1557323636352, 5, 2, stage1, 17
1557323636352, 2, collect,  
1557323636352, 3, 2, stage2, 17
1557323636352, 5, 0, stage3, 15
1557323636352, 2, 2, stage1,  
1557323636352, 5, emit, 0
1557323636352, 3, 1, stage1, 0
1557323636352, 3, collect, 15
1557323636352, 3, 2, stage1, 0
1557323636352, 3, 0, stage2, 18
1557323636352, 4, 1, stage1, 19
1557323636352, 2, 0, stage3,  
1557323636352, 5, 0, stage1, 18
1557323636352, 4, 2, stage1, 20
1557323636352, 4, 0, stage2, 18
1557323636352, 4, 1, stage2, 16
1557323636352, 5, 0, stage2, 18
1557323636352, 3, 0, stage3, 18
1557323636352, 3, 1, stage3, 16
1557323636352, 4, 2, stage2, 17
1557323636352, 2, 0, stage1,  
1557323636352, 5, 1, stage2, 16
1557323636353, 5, 2, stage2, 17
1557323636352, 2, 0, stage2,  
1557323636353, 2, 2, stage2,  
1557323636353, 2, 1, stage2,  
1557323636353, 3, 2, stage2, 20
1557323636353, 3, 2, stage3, 17
1557323636353, 5, 1, stage1, 19
1557323636353, 3, 1, stage2, 19
1557323636353, 5, 2, stage1, 20
1557323636353, 4, 2, stage2, 20
1557323636353, 4, 1, stage2, 19
1557323636353, 2, 1, stage1,  
1557323636353, 4, 0, stage3, 18
1557323636353, 2, 2, stage1,  
1557323636353, 4, 1, stage3, 16
1557323636353, 4, 2, stage3, 17
1557323636353, 5, 0, stage3, 18
1557323636353, 2, collect,  
1557323636352, 6, emit,  
1557323636353, 3, collect, 18
1557323636353, 2, 0, stage3,  
1557323636353, 5, 1, stage3, 16
1557323636353, 2, 1, stage3,  
1557323636353, 3, 1, stage3, 19
1557323636353, 5, 1, stage2, 19
1557323636353, 2, 1, stage2,  
1557323636353, 4, 1, stage3, 19
1557323636354, 2, collect,  
1557323636354, 5, 2, stage3, 17
1557323636354, 3, collect, 16
1557323636354, 2, 2, stage3,  
1557323636354, 3, 2, stage3, 20
1557323636354, 5, 2, stage2, 20
1557323636354, 2, 2, stage2,  
1557323636354, 2, collect,  
1557323636354, 5, 1, stage3, 19
1557323636354, 4, 2, stage3, 20
1557323636354, 3, collect, 17
1557323636354, 2, 1, stage3,  
1557323636354, 2, collect,  
1557323636354, 5, 2, stage3, 20
1557323636354, 3, collect, 19
1557323636354, 2, 2, stage3,  
1557323636354, 2, collect,  
1557323636354, 3, collect, 20
1557323636354, 6, 0, stage1,  
1557323636354, 6, 1, stage1,  
1557323636354, 6, 2, stage1,  
1557323636355, 6, 1, stage2,  
1557323636355, 6, 0, stage2,  
1557323636355, 6, 1, stage3,  
1557323636355, 6, 0, stage3,  
1557323636355, 6, 2, stage2,  
1557323636355, 6, 2, stage3,  
1557323636355, 2, collect,  
1557323636356, 7, collect,  
1557323636356, 8, collect,  
1557323636357, 6, collect,  
